id,,class0_prob,class1_prob,,,
n81,negative,0.99992,"0,08029",,109,FALSE NEGATIVE
fl1nr792,negative,738,262,,79,FALSE POSITIVE
fl2tsumeb1,,392,608,,,
fl2n11,negative,0.99988,0.000120334,,,
nsig2,negative,0.999857,0.000143416,,,
fl2n75,negative,0.999785,0.000214618,,,
fl1n60,negative,0.999754,0.000246073,,,
fl2fl1n39,negative,0.999643,0.00035724,,,
fl1n20,negative,0.999587,0.000413018,,,
n15,negative,0.999564,0.000436418,,,
fl2fl1n30,negative,0.999546,0.000453698,,,
fl2fl1N53,negative,0.999528,0.000471767,,,
fl2fl1nburundi1,negative,0.9995,0.000499773,,,
fl1n3,negative,0.99948,0.000519949,,,
fl2fl1n87,negative,0.999476,0.000523879,,,
fl2n87,negative,0.999461,0.000538914,,,
fl1n61,negative,0.999379,0.000620976,,,
fl2nr1127,negative,0.99929,0.000710229,,,
nr1127,negative,0.999275,0.000724831,,,
n43,negative,0.999187,0.000813464,,,
fl1ntelfer3,negative,0.999149,0.000850747,,,
fl2fl1n51,negative,0.999146,0.000853878,,,
fl1n15,negative,0.998996,0.00100429,,,
fl2fl1nr1111,negative,0.998813,0.0011867,,,
norouro3,negative,0.998748,0.00125178,,,
n75,negative,0.998698,0.00130145,,,
fl1n79,negative,0.998594,0.00140635,,,
fl2n17,negative,0.998519,0.00148152,,,
nr1121,negative,0.998227,0.0017728,,,
fl2fl1n93,negative,0.9982,0.00179963,,,
n70,negative,0.99789,0.00211043,,,
fl2ntanami5,negative,0.997756,0.00224418,,,
fl2nr241,negative,0.997454,0.00254641,,,
nyaoure3,negative,0.997182,0.00281802,,,
fl1nsam00771,negative,0.997088,0.00291206,,,
fl2fl1nagbaou1,negative,0.997062,0.00293806,,,
fl2fl1n5,negative,0.997032,0.00296805,,,
fl2nr1071,negative,0.997031,0.00296857,,,
fl2fl1n91,negative,0.996807,0.00319278,,,
fl1n83,negative,0.996644,0.00335576,,,
fl1nr1082,negative,0.996596,0.00340387,,,
fl1n81,negative,0.996291,0.00370868,,,
fl2fl1nr1172,negative,0.996095,0.00390515,,,
n19,negative,0.995996,0.00400444,,,
fl2fl1nkangankunde3,negative,0.995816,0.00418389,,,
fl2fl1nr871,negative,0.995806,0.00419442,,,
nsam21474,negative,0.995617,0.0043828,,,
fl2fl1naldan3,negative,0.995255,0.00474517,,,
fl2fl1n29,negative,0.994883,0.0051171,,,
n13,negative,0.994811,0.00518908,,,
fl2fl1nsam00771,negative,0.994653,0.00534729,,,
fl1nnampala5,negative,0.994554,0.00544599,,,
fl1n76,negative,0.994215,0.00578458,,,
fl2nmassawa1,negative,0.994057,0.00594284,,,
fl1n23,negative,0.994017,0.00598279,,,
fl2fl1nr1075,negative,0.993625,0.00637528,,,
fl2fl1ntulu kapi,negative,0.993521,0.0064795,,,
norouro1,negative,0.993416,0.00658424,,,
ntiririne2,negative,0.99309,0.00690953,,,
fl1n59,negative,0.992779,0.00722068,,,
fl2fl1nr1066,negative,0.992636,0.00736429,,,
nY1,negative,0.992363,0.0076366,,,
n32,negative,0.991959,0.00804111,,,
fl2n31,negative,0.991925,0.00807502,,,
fl2fl1n32,negative,0.9918,0.00819997,,,
fl2fl1n16,negative,0.991782,0.00821843,,,
fl2fl1n61,negative,0.991686,0.008314,,,
nr676,negative,0.991619,0.00838127,,,
nobuasi1,negative,0.991523,0.00847706,,,
fl1n54,negative,0.991477,0.00852306,,,
fl2fl1n56,negative,0.991185,0.00881538,,,
fl2nsam00771,negative,0.991042,0.00895759,,,
fl2fl1nkalana4,negative,0.991042,0.00895832,,,
fl2fl1nsetlagole2,negative,0.99059,0.00941013,,,
fl2fl1ncissedougou,negative,0.990291,0.00970915,,,
nsukulu3,negative,0.989951,0.0100491,,,
fl2fl1nsam18662,negative,0.988727,0.011273,,,
fl2fl1n40,negative,0.988008,0.0119917,,,
fl1nsam30544,negative,0.987883,0.0121167,,,
fl2fl1n70,negative,0.987576,0.0124245,,,
fl2nr573,negative,0.987345,0.0126553,,,
fl1nr292,negative,0.987304,0.0126957,,,
ntelfer1,negative,0.987009,0.0129908,,,
fl2nkangankunde2,negative,0.986172,0.0138281,,,
fl1nluizi,negative,0.985836,0.0141637,,,
fl2fl1nsam04732,negative,0.985688,0.0143125,,,
ntahoua1,negative,0.985244,0.0147557,,,
fl2fl1n8,negative,0.985106,0.0148943,,,
fl2nr1067,negative,0.984912,0.0150883,,,
fl2nr615,negative,0.984886,0.0151137,,,
fl1nr851,negative,0.984697,0.0153029,,,
fl1nsukulu1,negative,0.984526,0.0154741,,,
fl2ntelfer5,negative,0.984455,0.0155448,,,
r931,,0.984247,0.0157525,false negative,,
fl1nmatala2,negative,0.984056,0.0159445,,,
nsam26521,negative,0.983558,0.016442,,,
fl2nvelingara4,negative,0.983496,0.0165037,,,
nr675,negative,0.982905,0.0170946,,,
fl2fl1nr672,negative,0.982518,0.0174823,,,
fl2ntelfer1,negative,0.982063,0.017937,,,
fl2fl1nvelingara5,negative,0.98197,0.0180298,,,
fl1n32,negative,0.981569,0.0184312,,,
fl1nbaomahun1,negative,0.981432,0.0185675,,,
n90,negative,0.981126,0.0188736,,,
fl2nlawn hill2,negative,0.980131,0.0198685,,,
nsiguiri3,negative,0.979864,0.0201361,,,
ncissedougou4,negative,0.979743,0.0202567,,,
fl1ntsumeb5,negative,0.979672,0.0203278,,,
fl2fl1kalana3,,0.979106,0.0208935,false negative,,
fl2nr676,negative,0.979019,0.0209809,,,
fl2fl1npala1,negative,0.978692,0.021308,,,
fl2fl1nr1086,negative,0.978186,0.0218138,,,
nr1112,negative,0.977781,0.0222185,,,
fl1r244,,0.9774,0.0225997,false negative,,
fl2n81,negative,0.976942,0.0230584,,,
fl2fl1nyouga2,negative,0.976842,0.023158,,,
nsam2569,negative,0.976765,0.0232349,,,
fl2nr821,negative,0.976581,0.0234186,,,
fl2fl1ntibesti4,negative,0.97643,0.0235704,,,
fl2nsam04793,negative,0.976276,0.0237238,,,
fl2fl1nkatako kombe,negative,0.975938,0.0240623,,,
fl1n12,negative,0.975898,0.0241019,,,
ntahoua2,negative,0.975206,0.0247939,,,
nr951,negative,0.975125,0.0248753,,,
fl2fl1E1,,0.974905,0.0250952,false negative,,
fl1n2,negative,0.974861,0.0251392,,,
fl2nr611,negative,0.974688,0.0253123,,,
fl2fl1nsam01761,negative,0.974423,0.0255773,,,
fl2nr912,negative,0.974325,0.0256752,,,
fl1nburundi1,negative,0.974298,0.0257016,,,
fl2nr531,negative,0.973546,0.0264537,,,
fl2fl1nr252,negative,0.973267,0.0267334,,,
fl1nagbaou2,negative,0.9717,0.0283004,,,
fl2nsukulu1,negative,0.971441,0.0285591,,,
fl2nvasilkov1,negative,0.971128,0.0288724,,,
fl2nsig1,negative,0.971051,0.0289489,,,
fl1nsam18662,negative,0.970424,0.0295756,,,
fl2fl1nr1072,negative,0.970254,0.0297463,,,
fl2fl1ntanami2,negative,0.969769,0.0302311,,,
fl2fl1nr1073,negative,0.969131,0.0308694,,,
fl1nr571,negative,0.969092,0.0309076,,,
fl1npala1,negative,0.969077,0.0309233,,,
orouro2,,0.968829,0.0311714,false negative,,
nr1134,negative,0.968397,0.0316025,,,
fl1nr616,negative,0.968284,0.0317154,,,
fl2fl1nbaomahun1,negative,0.968259,0.0317405,,,
fl2nr1086,negative,0.967603,0.0323968,,,
nr922,negative,0.967158,0.0328416,,,
fl1nr1083,negative,0.967108,0.0328915,,,
fl2nsam21475,negative,0.966752,0.0332483,,,
fl1nagbaou4,negative,0.966741,0.0332593,,,
fl2fl1nr1137,negative,0.965504,0.034496,,,
nsetlagole1,negative,0.965463,0.0345365,,,
fl2fl1nr1061,negative,0.96503,0.0349698,,,
fl1nr701,negative,0.963901,0.0360994,,,
fl1n36,negative,0.963877,0.0361226,,,
n2,negative,0.963803,0.0361974,,,
fl2fl1nr993,negative,0.963659,0.0363414,,,
nr1065,negative,0.963531,0.0364694,,,
npopigai1,negative,0.963434,0.0365656,,,
ntibesti3,negative,0.96268,0.0373202,,,
fl1ntelfer4,negative,0.962472,0.0375281,,,
fl2ntahoua2,negative,0.962403,0.0375972,,,
nsamira2,negative,0.962223,0.0377771,,,
fl1nsukhoi log1,negative,0.962216,0.0377839,,,
fl2nyaoure1,negative,0.961661,0.0383391,,,
fl2fl1nsyama3,negative,0.961224,0.0387759,,,
fl2n56,negative,0.960662,0.0393385,,,
nr732,negative,0.960379,0.039621,,,
fl2n26,negative,0.959999,0.0400013,,,
nr671,negative,0.959424,0.0405757,,,
fl1nvasilkov5,negative,0.958905,0.0410954,,,
fl1n27,negative,0.958892,0.0411076,,,
fl1nY1,negative,0.957972,0.0420276,,,
fl1pal ganboke3,,0.957667,0.0423331,false negative,,
fl1nr1137,negative,0.957095,0.0429053,,,
fl1nsabodala,negative,0.956873,0.0431267,,,
fl2nr902,negative,0.955634,0.0443656,,,
fl1nyaoure3,negative,0.954813,0.0451871,,,
fl1nagbaou3,negative,0.953479,0.046521,,,
fl2nr951,negative,0.952413,0.0475873,,,
ntelfer4,negative,0.951643,0.0483574,,,
nyaramoko3,negative,0.949503,0.0504967,,,
fl2fl1nkalana3,negative,0.949444,0.0505555,,,
fl2nvelingara5,negative,0.94918,0.0508197,,,
fl2fl1nsukulu4,negative,0.949096,0.0509039,,,
fl2fl1nr901,negative,0.947563,0.0524375,,,
fl2fl1n36,negative,0.946522,0.053478,,,
fl2nr1113,negative,0.946514,0.053486,,,
nr952,negative,0.944638,0.0553622,,,
fl1nnavachab2,negative,0.944483,0.055517,,,
fl2n72,negative,0.944412,0.0555882,,,
nsyama6,negative,0.944212,0.0557884,,,
fl2fl1nkangankunde7,negative,0.944164,0.0558356,,,
fl2fl1ncrixas3,negative,0.943815,0.0561853,,,
fl2fl1nnatougou2,negative,0.943784,0.0562159,,,
fl2nr841,negative,0.943551,0.0564493,,,
fl1nr1011,negative,0.943241,0.0567587,,,
nyanfolila3,negative,0.943217,0.0567831,,,
fl1n92,negative,0.942642,0.0573583,,,
fl2fl1nr601,negative,0.94202,0.05798,,,
fl2fl1nsukari1,negative,0.941932,0.0580682,,,
fl2fl1nmana2,negative,0.941039,0.058961,,,
fl1nair6,negative,0.940946,0.0590537,,,
fl2nr1121,negative,0.939496,0.0605035,,,
fl2naorunga2,negative,0.937218,0.0627817,,,
fl2naldan2,negative,0.937168,0.0628316,,,
nr1064,negative,0.936356,0.0636443,,,
n23,negative,0.936189,0.0638106,,,
fl2fl1nyanfolila3,negative,0.935973,0.0640271,,,
fl1nyouga2,negative,0.93454,0.0654597,,,
fl1nr613,negative,0.934481,0.065519,,,
fl2nphalaborwa1,negative,0.934439,0.0655614,,,
n63,negative,0.933863,0.0661365,,,
fl1nsam09372,negative,0.933457,0.0665433,,,
fl2fl1n13,negative,0.933026,0.0669737,,,
fl1ntiririne2,negative,0.932349,0.0676506,,,
fl2fl1norouro1,negative,0.92939,0.0706104,,,
fl1ntsumeb1,negative,0.928937,0.0710633,,,
fl2fl1nr1116,negative,0.927983,0.0720166,,,
fl1nr603,negative,0.926495,0.0735046,,,
fl2fl1nsyama4,negative,0.92649,0.0735096,,,
fl2nsam26522,negative,0.926111,0.0738892,,,
nsyama3,negative,0.925734,0.0742665,,,
fl2fl1ngoldstrike4,negative,0.925217,0.0747829,,,
fl2ntelfer4,negative,0.923585,0.0764151,,,
fl2npala2,negative,0.922186,0.0778145,,,
nsabodala,negative,0.920806,0.0791939,,,
fl1nrichat3,negative,0.920684,0.0793159,,,
nr1137,negative,0.919865,0.080135,,,
fl2nsam21552,negative,0.918802,0.0811979,,,
fl1nn291,negative,0.917105,0.0828945,,,
fl2fl1nvasilkov2,negative,0.915502,0.0844978,,,
fl2n61,negative,0.914587,0.0854133,,,
fl2fl1r1072,,0.913986,0.0860141,false negative,,
nsam18662,negative,0.913981,0.0860194,,,
fl2fl1nr1103,negative,0.913925,0.0860752,,,
fl2fl1nr603,negative,0.913759,0.0862412,,,
fl2fl1nkisladag1,negative,0.913653,0.0863466,,,
nr731,negative,0.91261,0.0873895,,,
nsukhoi log1,negative,0.909381,0.0906187,,,
fl1ncarswell2,negative,0.909104,0.0908957,,,
nkalaka3,negative,0.907882,0.0921181,,,
nr1072,negative,0.906925,0.093075,,,
fl2ntelfer2,negative,0.906303,0.0936968,,,
fl2fl1nr614,negative,0.905516,0.0944838,,,
n66,negative,0.900272,0.0997276,,,
fl2orouro2,,0.899963,0.100037,false negative,,
fl2fl1bombore1,,0.899519,0.100481,false negative,,
fl2nx1,negative,0.899396,0.100604,,,
fl2fl1goz beida 6,,0.898732,0.101268,false negative,,
fl2r613,,0.89851,0.10149,false negative,,
fl2fl1nr1042,negative,0.896649,0.10335,,,
nvasilkov4,negative,0.895509,0.104491,,,
nr111,negative,0.894252,0.105748,,,
fl1n65,negative,0.893889,0.106111,,,
fl2r1063b,,0.890822,0.109178,false negative,,
fl1sukhoi log1,,0.890366,0.109634,false negative,,
fl2nr1081,negative,0.890108,0.109892,,,
fl1ntaparko2,negative,0.889448,0.110552,,,
ntsumeb5,negative,0.888817,0.111183,,,
fl2fl1nbisha2,negative,0.887597,0.112403,,,
fl2argyle1,,0.886147,0.113853,false negative,,
fl2nyouga2,negative,0.885234,0.114766,,,
fl2fl1n47,negative,0.885157,0.114843,,,
fl1nnatougou2,negative,0.88392,0.11608,,,
r242,,0.883677,0.116323,false negative,,
fl2nr732,negative,0.880493,0.119507,,,
fl2siguiri5,,0.880462,0.119538,false negative,,
fl1nr1115,negative,0.880446,0.119554,,,
nr1068,negative,0.878572,0.121428,,,
cortez2,,0.876616,0.123384,false negative,,
nmogollon1,negative,0.875332,0.124668,,,
nr603,negative,0.875281,0.124719,,,
fl2r921,,0.874879,0.125121,false negative,,
fl2fl1nr624,negative,0.874599,0.125401,,,
fl2fl1n66,negative,0.873005,0.126995,,,
fl2fl1nphalaborwa1,negative,0.872084,0.127915,,,
fl2fl1nY,negative,0.871258,0.128742,,,
nR11,negative,0.870828,0.129172,,,
fl1nr1081,negative,0.866732,0.133268,,,
fl2fl1r674,,0.86556,0.13444,false negative,,
fl2npala5,negative,0.865146,0.134854,,,
nr993,negative,0.86467,0.13533,,,
fl2nkangankunde6,negative,0.864219,0.135781,,,
fl2r1173,,0.862734,0.137266,false negative,,
fl1n34,negative,0.862491,0.137509,,,
fl2fl1naorunga2,negative,0.861892,0.138108,,,
fl2ncrixas3,negative,0.861849,0.138151,,,
fl2nargyle3,negative,0.860827,0.139173,,,
cortez6,,0.859432,0.140568,false negative,,
fl2fl1nbakouma1,negative,0.859289,0.140711,,,
ntanami6,negative,0.85482,0.14518,,,
fl1sukulu1,,0.853601,0.146399,false negative,,
fl2nsam30544,negative,0.85068,0.14932,,,
fl2ntasmania5,negative,0.849855,0.150145,,,
nr1001,negative,0.849129,0.150871,,,
fl2nr625,negative,0.849026,0.150974,,,
fl2fl1sam21474,,0.847092,0.152908,false negative,,
fl1nr912,negative,0.847085,0.152915,,,
fl2fl1nr1141,negative,0.846499,0.153501,,,
fl2r1126,,0.846436,0.153564,false negative,,
nsyama4,negative,0.844687,0.155313,,,
fl1nrift1,negative,0.843565,0.156435,,,
n80,negative,0.84259,0.15741,,,
fl2fl1ntasiast1,negative,0.841336,0.158664,,,
fl1nr14,negative,0.840408,0.159592,,,
fl2fl1nnampala2,negative,0.839116,0.160884,,,
fl2fl1burundi2,,0.839084,0.160916,false negative,,
fl1nlawn hill2,negative,0.838518,0.161482,,,
fl2fl1n26,negative,0.83849,0.161511,,,
fl1nkisladag1,negative,0.837461,0.162539,,,
fl1ngoldstrike5,negative,0.835132,0.164868,,,
fl1r673,,0.832707,0.167293,false negative,,
andywell1,,0.831681,0.168319,false negative,,
fl1nargyle3,negative,0.830963,0.169037,,,
fl2nyaramoko1,negative,0.830269,0.169731,,,
nsam11076,negative,0.830113,0.169887,,,
E1,,0.829625,0.170375,false negative,,
sam21553,,0.828394,0.171606,false negative,,
fl2fl1nsam09372,negative,0.827256,0.172744,,,
fl2nkisladag1,negative,0.826119,0.173881,,,
fl1nsam30546,negative,0.82561,0.17439,,,
nair2,negative,0.822074,0.177926,,,
npala2,negative,0.819108,0.180892,,,
fl1nbisie2,negative,0.816981,0.183019,,,
sam21474,,0.814487,0.185513,false negative,,
fl1norouro3,negative,0.813954,0.186046,,,
fl2n32,negative,0.811576,0.188424,,,
fl2sam11075,,0.810983,0.189017,false negative,,
fl1sukulu4,,0.810444,0.189556,false negative,,
fl2fl1nslateisland6,negative,0.809166,0.190834,,,
fl1narizona3,negative,0.808892,0.191108,,,
fl1nbakouma1,negative,0.807995,0.192005,,,
fl2r1067,,0.806219,0.193781,false negative,,
fl2bakouma1,,0.804694,0.195306,false negative,,
fl2fl1ntaparko2,negative,0.801016,0.198984,,,
fl2fl1nsamira1,negative,0.798473,0.201527,,,
fl2fl1nr913,negative,0.79792,0.20208,,,
fl1n291,negative,0.796731,0.203269,,,
fl2fl1nkatako kombe3,negative,0.795776,0.204224,,,
fl1tulu kapi1,,0.794329,0.205671,false negative,,
fl1nL2,negative,0.794325,0.205675,,,
fl1ngeita2,negative,0.79366,0.20634,,,
fl2fl1nr391,negative,0.792073,0.207927,,,
fl2nnatougou1,negative,0.791159,0.208841,,,
fl1sam11077,,0.789309,0.210691,false negative,,
nY,negative,0.786594,0.213406,,,
fl2fl1nlero3,negative,0.785617,0.214383,,,
fl1nr1003,negative,0.785541,0.214459,,,
fl2fl1naorunga3,negative,0.784743,0.215257,,,
fl2fl1ngoz beida1,negative,0.784693,0.215307,,,
fl2nair6,negative,0.784416,0.215584,,,
fl2nvredefort5,negative,0.782802,0.217198,,,
r1116,,0.781962,0.218038,false negative,,
fl2fl1nbanankoro2,negative,0.780869,0.219131,,,
fl2nbakouma2,negative,0.779605,0.220395,,,
nsam30544,negative,0.776683,0.223317,,,
fl2tanami5,,0.773796,0.226204,false negative,,
fl1nr1102,negative,0.773726,0.226274,,,
fl2nnampala3,negative,0.772784,0.227216,,,
fl1ntiririne3,negative,0.769151,0.230849,,,
fl2fl1nyaramoko1,negative,0.766402,0.233598,,,
fl1nsetlagole1,negative,0.7649,0.2351,,,
fl1nity,negative,0.764242,0.235758,,,
fl2nsyama2,negative,0.763673,0.236327,,,
fl2fl1nsam26522,negative,0.762929,0.237071,,,
fl2fl1nair7,negative,0.761191,0.238809,,,
fl2fl1ntasmania1,negative,0.758537,0.241463,,,
fl1nair4,negative,0.756285,0.243715,,,
r1081,,0.752906,0.247094,false negative,,
fl2nasankragwa2,negative,0.750086,0.249914,,,
fl2fl1nsam21552,negative,0.74936,0.25064,,,
fl2fl1sam30549,,0.748015,0.251985,false negative,,
fl2ntsumeb4,negative,0.74798,0.25202,,,
fl2fl1nkouroussa3,negative,0.747395,0.252605,,,
fl1n29,negative,0.746566,0.253434,,,
fl2nr911,negative,0.743543,0.256457,,,
fl2nr1103,negative,0.743157,0.256843,,,
fl2fl1mana2,,0.741822,0.258178,false negative,,
waus1,,0.741505,0.258495,false negative,,
fl2norouro1,negative,0.738254,0.261746,,,
fl1bombore1,,0.735871,0.264129,false negative,,
fl2nsyama4,negative,0.735158,0.264842,,,
nkangankunde4,negative,0.733459,0.266541,,,
fl2sam21472,,0.733102,0.266898,false negative,,
fl2fl1r1115,,0.729266,0.270734,false negative,,
fl2fl1noyu tolgoi4,negative,0.725962,0.274038,,,
fl2banankoro3,,0.725291,0.274709,false negative,,
fl1nkouroussa3,negative,0.725028,0.274972,,,
fl1ngoz beida1,negative,0.724939,0.275061,,,
fl1r1138,,0.723555,0.276445,false negative,,
fl2fl1r1068,,0.72107,0.27893,false negative,,
fl2r624,,0.719636,0.280364,false negative,,
fl2ngolden pride2,negative,0.718593,0.281407,,,
nsam30548,negative,0.716348,0.283652,,,
fl2nbisha2,negative,0.716334,0.283666,,,
fl1ntibesti1,negative,0.716236,0.283764,,,
fl2n67,negative,0.714241,0.285759,,,
fl2nr1114,negative,0.710964,0.289036,,,
fl2fl1cadia1,,0.710147,0.289853,false negative,,
fl1R621,,0.707652,0.292348,false negative,,
sissedougou1,,0.707607,0.292393,false negative,,
fl2fl1tanami5,,0.706024,0.293976,false negative,,
fl2fl1ncissedougou3,negative,0.705316,0.294684,,,
nmusefu1,negative,0.703525,0.296475,,,
fl1r1132,,0.702538,0.297462,false negative,,
nvelingara1,negative,0.702176,0.297824,,,
fl2fl1nkadia1,negative,0.701874,0.298126,,,
sam04791,,0.700989,0.299011,false negative,,
fl1r624,,0.698345,0.301655,false negative,,
ntanami3,negative,0.698313,0.301687,,,
fl2nlero2,negative,0.698029,0.301971,,,
fl2fl1nr872,negative,0.694645,0.305355,,,
siguiri4,,0.694232,0.305768,false negative,,
air10,,0.693776,0.306224,false negative,,
fl2fl1nr1062,negative,0.688268,0.311732,,,
fl1r1068,,0.688241,0.311759,false negative,,
fl2fl1nr823,negative,0.687851,0.312149,,,
nsam26672,negative,0.687848,0.312152,,,
fl2fl1nhassai,negative,0.686327,0.313673,,,
nalemano1,negative,0.682397,0.317603,,,
fl2fl1R202,,0.681763,0.318237,false negative,,
fl2fl1otjikoto1,,0.68077,0.31923,false negative,,
fl1r1063b,,0.680578,0.319422,false negative,,
fl2nsam21551,negative,0.678371,0.321629,,,
fl2nair3,negative,0.677896,0.322103,,,
fl2sam21551,,0.677714,0.322286,false negative,,
natougou2, ,0.674734,0.325266,false negative,,
fl2r1001,,0.6719,0.3281,false negative,,
r1123,,0.671265,0.328735,false negative,,
fl2yanfolila4,,0.671001,0.328999,false negative,,
fl1nr1012,negative,0.669308,0.330692,,,
samira2,,0.667052,0.332948,false negative,,
fl2fl1r1074,,0.663562,0.336438,false negative,,
r243,,0.663436,0.336564,false negative,,
fl1yaramoko2,,0.658602,0.341398,false negative,,
fl2fl1nnavachab2,negative,0.656797,0.343203,,,
ngoldstrike4,negative,0.655612,0.344388,,,
fl2fl1tasmania5,,0.655269,0.344731,false negative,,
fl2fl1nvasilkov3,negative,0.654209,0.345791,,,
fl2sam30548,,0.650219,0.349781,false negative,,
nkossanto1,negative,0.650171,0.349829,,,
fl2nr1116,negative,0.646733,0.353267,,,
fl2fl1nsukhoi log1,negative,0.645698,0.354302,,,
fl1r901tasiast,,0.644443,0.355557,false negative,,
fl2fl1nlero1,negative,0.644254,0.355746,,,
fl2nr201,negative,0.644109,0.355891,,,
fl1r931,,0.641228,0.358772,false negative,,
fl2fl1nkumtor,negative,0.641204,0.358796,,,
aorunga2,,0.639268,0.360732,false negative,,
fl2fl1nandywell2,negative,0.639091,0.360909,,,
fl2fl1nyanfolila1,negative,0.635737,0.364263,,,
fl2andywell2,,0.63573,0.36427,false negative,,
npala4,negative,0.631251,0.368749,,,
fl2fl1sam11076,,0.629742,0.370258,false negative,,
fl1vasilkovskoye5,,0.629001,0.370999,false negative,,
fl2fl1nsam18462,negative,0.624679,0.375321,,,
nx1,negative,0.623933,0.376067,,,
fl2fl1sam04731,,0.622723,0.377277,false negative,,
fl1telfer2,,0.61947,0.38053,false negative,,
fl1sukulu2,,0.618732,0.381268,false negative,,
fl1agbaou7,,0.618441,0.381559,false negative,,
sam44693,,0.618162,0.381838,false negative,,
r731,,0.617647,0.382353,false negative,,
fl2nagbaou4,negative,0.616706,0.383294,,,
air2,,0.616189,0.383811,false negative,,
ngolden pride2,negative,0.615817,0.384183,,,
crixas3,,0.614026,0.385974,false negative,,
fl2fl1r624,,0.612967,0.387033,false negative,,
fl2r1124,,0.609956,0.390044,false negative,,
fl1r614,,0.609142,0.390858,false negative,,
r1061,,0.606221,0.393779,false negative,,
fl2fl1nair5,negative,0.604529,0.395471,,,
fl2fl1sam21472,,0.602555,0.397445,false negative,,
sam21551,,0.599425,0.400575,false negative,,
n35,negative,0.598749,0.401251,,,
fl2nmnt polley,negative,0.596767,0.403233,,,
fl2fl1nr1130,negative,0.596486,0.403514,,,
fl2r931,,0.596113,0.403887,false negative,,
fl1natougou1, ,0.594388,0.405612,false negative,,
galore creek3,,0.59394,0.40606,false negative,,
fl1E1,,0.593299,0.406701,false negative,,
fl1npopigai1,negative,0.592864,0.407136,,,
fl2fl1nnatougou1,negative,0.590888,0.409112,,,
fl2fl1ngeita2,negative,0.589363,0.410637,,,
fl1nslate island 1,negative,0.587372,0.412628,,,
fl1nsamira2,negative,0.586533,0.413467,,,
fl2nindarset3,negative,0.584098,0.415902,,,
fl1r1083,,0.577082,0.422918,false negative,,
fl2nnampala4,negative,0.573647,0.426353,,,
fl2fl1nkadia3,negative,0.572574,0.427426,,,
fl2aldan1,,0.572284,0.427716,false negative,,
fl1r711,,0.571741,0.428259,false negative,,
fl2nr1171,negative,0.569597,0.430403,,,
fl2nr1085,negative,0.566302,0.433698,,,
nvasilkov9,negative,0.564917,0.435083,,,
nphalaborwa1,negative,0.563159,0.436841,,,
fl2fl1sukulu4,,0.562579,0.437421,false negative,,
fl2air16,,0.562007,0.437993,false negative,,
nr911,negative,0.559061,0.440939,,,
fl2siguiri3,,0.552803,0.447197,false negative,,
nvredefort3,negative,0.549443,0.450557,,,
fl1nkisladag2,negative,0.547338,0.452662,,,
ngalore creek1,negative,0.54586,0.45414,,,
fl2nr112,negative,0.543082,0.456918, ,,
fl2chuqui6,,0.532391,0.467609,false negative,,
fl1nsam26671,negative,0.528286,0.471714,,,
nmassawa2,negative,0.524813,0.475187,,,
fl2fl1nkangankunde4,negative,0.519252,0.480748,,,
fl2fl1obuasi2,,0.518638,0.481362,false negative,,
fl1ngoldstrike2,negative,0.517978,0.482022,,,
fl1nsam21472,negative,0.514393,0.485607,,,
fl1ntasmania6,negative,0.51358,0.48642,,,
aldan2,,0.511833,0.488167,false negative,,
nsam18462,negative,0.503684,0.496316,,,
fl1bisie2,,0.50364,0.49636,false negative,,
fl2r923,,0.501786,0.498214,false negative,,
fl1sam04792,,0.498764,0.501236,,,
fl2fl1sam21551,,0.496834,0.503166,,,
fl2fl1r1132,,0.494786,0.505214,,,
fl1tanami5,,0.494399,0.505601,,,
bangweulu5,,0.49358,0.50642,,,
fl2fl1sam04793,,0.492903,0.507097,,,
fl1cadia2,,0.492672,0.507328,,,
fl1nsam21552,negative,0.492252,0.507748,false positive,,
fl2fl1sam11072,,0.490562,0.509438,,,
fl2fl1npala4,negative,0.488986,0.511014,false positive,,
fl2siguiri1,,0.488059,0.511941,,,
fl2nandywell1,negative,0.485179,0.514821,false positive,,
fl2fl1naldan2,negative,0.480136,0.519864,false positive,,
fl1nasankragwa2,negative,0.479417,0.520583,false positive,,
fl2fl1nvredefort5,negative,0.477367,0.522633,false positive,,
fl1taparko4,,0.47722,0.52278,,,
fl1r732,,0.476352,0.523648,,,
fl2fl1R241,,0.474586,0.525414,,,
massawa1,,0.474368,0.525632,,,
fl1ncissedougou4,negative,0.474337,0.525663,false positive,,
fl1kangankunde7,,0.473574,0.526426,,,
fl1sam11071,,0.473423,0.526577,,,
fl2nsam30543,negative,0.473407,0.526593,false positive,,
fl2fl1r1111,,0.471353,0.528647,,,
nbanankoro2,negative,0.471317,0.528683,false positive,,
fl2pueblo viejo1,,0.469692,0.530308,,,
fl1highbury3,,0.466307,0.533693,,,
kadia3,,0.465567,0.534433,,,
fl1nfreda1,negative,0.463381,0.536619,false positive,,
fl2ntasmania3,negative,0.459739,0.540261,false positive,,
fl2nlero3,negative,0.458892,0.541107,false positive,,
fl1aorunga3,,0.453249,0.546751,,,
ntahoua3,negative,0.450622,0.549378,false positive,,
tasmania5,,0.449737,0.550263,,,
fl2fl1nkisladag2,negative,0.447297,0.552703,false positive,,
fl1r615,,0.444566,0.555434,,,
fl2fl1aldan1,,0.443982,0.556018,,,
fl1tasmania4,,0.438209,0.561791,,,
ngeita3,negative,0.437152,0.562848,false positive,,
fl2fl1ny2,negative,0.430499,0.569501,false positive,,
fl2nsam04792,negative,0.419198,0.580802,false positive,,
ngolden pride3,negative,0.419054,0.580946,false positive,,
nr1094,negative,0.41889,0.58111,false positive,,
fl1otjikoto1,,0.417961,0.582039,,,
tasmania6,,0.412051,0.587949,,,
fl1crixas1,,0.410893,0.589107,,,
tanami5,,0.40994,0.59006,,,
obuasi1,,0.409225,0.590775,,,
fl1air5,,0.407728,0.592272,,,
sam44692,,0.406096,0.593904,,,
fl1nfreda3,negative,0.392201,0.607799,false positive,,
fl2fl1sam30547,,0.391093,0.608907,,,
fl2nsam26672,negative,0.388523,0.611477,false positive,,
fl1r1081,,0.385834,0.614166,,,
fl1r731,,0.385248,0.614752,,,
fl2kouroussa3,,0.384285,0.615715,,,
yaoure1,,0.380476,0.619523,,,
fl2fl1ngeita3,negative,0.380476,0.619524,false positive,,
fl2fl1nchuqui2,negative,0.375501,0.624499,false positive,,
fl2sam11073,,0.369722,0.630278,,,
r1111,,0.369436,0.630564,,,
R621,,0.368895,0.631105,,,
fl2fl1bisha1,,0.366942,0.633058,,,
fl2fl1popigai2,,0.363888,0.636112,,,
fl1r1113,,0.360488,0.639512,,,
fl2fl1agbaou4,,0.359705,0.640295,,,
fl2fl1nkal2,negative,0.35595,0.64405,false positive,,
yaramoko1,,0.344321,0.655679,,,
fl2natougou3, ,0.343161,0.656839,,,
fl2fl1goldstrike2,,0.342297,0.657703,,,
fl2fl1yaramoko3,,0.341382,0.658618,,,
pal ganboke3,,0.337304,0.662696,,,
fl2crixas1,,0.334768,0.665232,,,
fl1sam44692,,0.334431,0.665569,,,
fl2fl1r1122,,0.33093,0.66907,,,
fl2fl1kalana9,,0.326861,0.673139,,,
fl2nvredefort4,negative,0.325673,0.674327,false positive,,
fl2nfreda3,negative,0.325472,0.674528,false positive,,
fl2fl1aldan2,,0.325097,0.674903,,,
fl2maliS1,,0.325008,0.674992,,,
fl2nr602,negative,0.322818,0.677182,false positive,,
nbakouma3,negative,0.321585,0.678415,false positive,,
fl2fl1oyu tolgoi3,,0.315786,0.684214,,,
fl2nr881,negative,0.315331,0.684669,false positive,,
fl2tasmania4,,0.314196,0.685804,,,
fl1nkadia1,negative,0.310298,0.689702,false positive,,
fl2fl1ntasmania4,negative,0.302346,0.697654,false positive,,
fl2fl1r1131,,0.301547,0.698453,,,
yanfolila1,,0.300821,0.699179,,,
fl1nhassai,negative,0.299959,0.700041,false positive,,
ngoldstrike1,negative,0.297608,0.702392,false positive,,
fl1siguiri4,,0.295118,0.704881,,,
fl1jean gobele1,,0.293217,0.706783,,,
fl2fl1sam18462,,0.291013,0.708987,,,
fl2asankragwa1,,0.287873,0.712127,,,
fl2goldstrike4,,0.285691,0.714309,,,
fl2fl1sam22661,,0.285243,0.714757,,,
fl2fl1nmusefu1,negative,0.282444,0.717556,false positive,,
fl2kal2,,0.281569,0.718431,,,
fl1sam30549,,0.280592,0.719408,,,
fl1sam30544,,0.278413,0.721587,,,
fl1nkal3,negative,0.277958,0.722042,false positive,,
fl1kumtor1,,0.275862,0.724138,,,
fl2ncarswell1,negative,0.275645,0.724355,false positive,,
fl2r615,,0.273582,0.726418,,,
fl1tanami3,,0.273102,0.726898,,,
fl2fl1tasmania4,,0.267698,0.732302,,,
taparko2,,0.267578,0.732422,,,
nmnt polley,negative,0.266903,0.733097,false positive,,
fl2fl1n291,negative,0.264603,0.735397,false positive,,
chirano1,,0.262686,0.737314,,,
fl2n291,negative,0.261542,0.738457,false positive,,
fl1r1072,,0.259032,0.740968,,,
fl2fl1nsalave1,negative,0.25858,0.74142,false positive,,
fl2nagbaou5,negative,0.257137,0.742863,false positive,,
fl1syama3,,0.253931,0.746069,,,
fl2npoura1,negative,0.253815,0.746185,false positive,,
fl2fl1nlaronde,negative,0.251003,0.748997,false positive,,
kumtor1,,0.250996,0.749004,,,
nlawn hill2,negative,0.250384,0.749616,false positive,,
goldstrike4,,0.247689,0.752311,,,
sadiola1,,0.246283,0.753717,,,
fl2sayama4,,0.240338,0.759662,,,
fl2sam26521,,0.23792,0.76208,,,
fl2fl1sam26521,,0.23603,0.76397,,,
ntongon2,negative,0.234907,0.765093,false positive,,
fl1ngoz beida 5,negative,0.233788,0.766212,false positive,,
fl1yanfolila1,,0.233413,0.766587,,,
r113,,0.232252,0.767748,,,
fl2fl1nalbazin2,negative,0.228444,0.771556,false positive,,
fl1r1086,,0.228231,0.771769,,,
nargyle2,negative,0.223036,0.776964,false positive,,
air8,,0.22011,0.77989,,,
r733,,0.219155,0.780845,,,
sam00771,,0.218372,0.781628,,,
fl2fl1nsam21551,negative,0.217539,0.782461,false positive,,
nmogollon3,negative,0.217443,0.782557,false positive,,
fl1nfreda4,negative,0.215864,0.784136,false positive,,
fl2fl1nevander1,negative,0.215301,0.784699,false positive,,
fl2nr81,negative,0.212624,0.787376,false positive,,
fl2fl1baomahun1,,0.212249,0.787751,,,
fl2fl1r1142,,0.21143,0.78857,,,
goz beida1,,0.206742,0.793258,,,
fl2muruntau6,,0.206129,0.793871,,,
fl1air9,,0.205514,0.794486,,,
fl2albasino1,,0.204881,0.795119,,,
fl2fl1agbaou8,,0.202822,0.797178,,,
paracatu1,,0.201129,0.798871,,,
nbisie1,negative,0.200668,0.799332,false positive,,
fl2goldstrike2,,0.199061,0.800939,,,
asankragwa2,,0.198354,0.801646,,,
fl2fl1r731,,0.196998,0.803002,,,
fl2fl1cortez2,,0.195846,0.804154,,,
bakouma4,,0.194945,0.805055,,,
sam22661,,0.194029,0.805971,,,
bisha1,,0.192256,0.807744,,,
pala ganboke3,,0.19158,0.80842,,,
fl2sam25571,,0.190602,0.809398,,,
fl2air14,,0.189473,0.810527,,,
fl2nmusefu2,negative,0.188319,0.811681,false positive,,
fl2tiririne1,,0.18801,0.81199,,,
fl2fl1nampala5, ,0.181849,0.818151,,,
fl2r11392,,0.18138,0.81862,,,
fl2air13,,0.17723,0.82277,,,
fl1nvredefort3,negative,0.175663,0.824337,false positive,,
fl2nyanfolila2,negative,0.175071,0.824929,false positive,,
fl2asankragwa3,,0.174463,0.825537,,,
fl2nfreda1,negative,0.172603,0.827397,false positive,,
fl2telfer2,,0.171736,0.828264,,,
aorunga1,,0.165187,0.834813,,,
fl2fl1nfreda4,negative,0.165005,0.834995,false positive,,
r1084,,0.163914,0.836086,,,
kalaka2,,0.163707,0.836293,,,
fl1nampala1, ,0.162338,0.837662,,,
fl2fl1nr602,negative,0.161062,0.838938,false positive,,
fl2fl1banankoro1,,0.160947,0.839053,,,
avlayakan5,,0.160144,0.839856,,,
tasmania4,,0.158056,0.841944,,,
fl2fl1R542,,0.157137,0.842863,,,
fl2fl1nmorila1,negative,0.156483,0.843517,false positive,,
fl2kangankunde1,,0.155227,0.844773,,,
fl2fl1avlayakan2,,0.152754,0.847246,,,
fl2nsamira1,negative,0.150952,0.849048,false positive,,
fl2fl1nindarset3,negative,0.150834,0.849166,false positive,,
fl2goz beida5,,0.150582,0.849418,,,
fl2fl1sam44692,,0.150473,0.849527,,,
fl2r701,,0.150068,0.849932,,,
fl2r1041,,0.149315,0.850685,,,
fl1bakouma4,,0.148834,0.851166,,,
fl1puchez1,,0.147926,0.852074,,,
fl2air6,,0.145199,0.854801,,,
fl1R142,,0.14217,0.85783,,,
sam18461,,0.141843,0.858157,,,
fl2fl1lero3,,0.140784,0.859216,,,
fl1sam18663,,0.140301,0.859699,,,
fl2fl1r1002,,0.139177,0.860823,,,
fl1R851,,0.13902,0.86098,,,
fl2popigai1,,0.138865,0.861135,,,
fl2fl1nbonikro2,negative,0.137424,0.862576,false positive,,
r612,,0.137004,0.862996,,,
morila1,,0.135535,0.864465,,,
fl2fl1bangweulu2,,0.135021,0.864979,,,
fl2fl1l1,,0.135003,0.864997,,,
fl2goz beida1,,0.134447,0.865553,,,
fl2r1071,,0.134399,0.865601,,,
fl2agbaou4,,0.134195,0.865805,,,
fl2r951,,0.132707,0.867293,,,
fl2n35,negative,0.131559,0.868441,false positive,,
fl2fl1sam26672,,0.131552,0.868447,,,
fl1goldstrike5,,0.131529,0.868471,,,
fl2fl1cissedougou4,,0.131308,0.868692,,,
fl2R292,,0.130404,0.869596,,,
fl1geita1,,0.129903,0.870097,,,
fl1r591,,0.129305,0.870695,,,
fl2sam25691,,0.128605,0.871395,,,
kawokono1,,0.12687,0.87313,,,
freda3,,0.126866,0.873134,,,
r1064,,0.125937,0.874063,,,
fl2nsyama1,negative,0.125702,0.874298,false positive,,
fl2fl1nvredefort4,negative,0.123857,0.876143,false positive,,
fl2aorunga1,,0.123113,0.876887,,,
fl2fl1sam18662,,0.121365,0.878635,,,
fl1r613,,0.120924,0.879076,,,
fl2chuqui4,,0.120683,0.879317,,,
fl2bisha2,,0.120506,0.879494,,,
fl1r1131,,0.119474,0.880526,,,
fl1aorunga1,,0.119468,0.880532,,,
fl2nampala2, ,0.119431,0.880569,,,
fl1nalbazin1,negative,0.11939,0.88061,false positive,,
fl2fl1nbangweulu1,negative,0.116747,0.883253,false positive,,
fl2cortez2,,0.115412,0.884588,,,
fl1kouroussa1,,0.114443,0.885557,,,
fl1r1063,,0.114325,0.885675,,,
galore creek2,,0.113097,0.886903,,,
fl2fl1nfreda1,negative,0.112671,0.887329,false positive,,
fl1golden pride3,,0.111105,0.888895,,,
fl2agbaou7,,0.110795,0.889205,,,
kisladag2,,0.110432,0.889568,,,
fl1mnt polley2,,0.109833,0.890167,,,
fl2avlayakan5,,0.109698,0.890302,,,
fl2navachab2, ,0.108652,0.891348,,,
r1137,,0.108156,0.891844,,,
fl2ntasmania4,negative,0.107857,0.892143,false positive,,
fl2pala ganboke1,,0.107804,0.892196,,,
fl1mogollon3,,0.10772,0.89228,,,
fl2fl1natougou1, ,0.107102,0.892898,,,
nr91,negative,0.106386,0.893614,false positive,,
fl2fl1ngolden pride1,negative,0.106328,0.893672,false positive,,
fl2fl1sayama4,,0.105505,0.894495,,,
hassai1,,0.104358,0.895642,,,
chuqui2,,0.103754,0.896246,,,
nvredefort4,negative,0.0999593,0.900041,false positive,,
fl2fl1r1135,,0.0976534,0.902347,,,
fl2fl1tanami1,,0.095143,0.904857,,,
fl2vasilkovskoye8,,0.0943431,0.905657,,,
fl2r823,,0.0938752,0.906125,,,
fl2fl1lero2,,0.0934267,0.906573,,,
kangankunde5,,0.092889,0.907111,,,
kalana9,,0.0902944,0.909706,,,
r922,,0.0894543,0.910546,,,
fl1morila1,,0.0889172,0.911083,,,
fl1nfreda2,negative,0.0874765,0.912524,false positive,,
fl2sam44693,,0.0859062,0.914094,,,
fl1yanfolila4,,0.0851843,0.914816,,,
fl2sam27671,,0.0851246,0.914875,,,
fl2fl1r1127,,0.0847696,0.91523,,,
fl2tibesti2,,0.0831995,0.9168,,,
fl2fl1freda3,,0.0831217,0.916878,,,
fl2sam11076,,0.0804786,0.919521,,,
fl1sam30543,,0.0804038,0.919596,,,
fl1sam18661,,0.0772752,0.922725,,,
fl2fl1nsam18664,negative,0.0772191,0.922781,false positive,,
r881,,0.0752495,0.924751,,,
fl1R6,,0.0727785,0.927221,,,
fl2cortez3,,0.0703538,0.929646,,,
fl2sissedougou2,,0.070186,0.929814,,,
kouroussa2,,0.0672838,0.932716,,,
fl2fl1kalana1,,0.0672353,0.932765,,,
fl2slate island1,,0.0665846,0.933415,,,
fl2fl1banankoro2,,0.0658704,0.934129,,,
highbury3,,0.065595,0.934405,,,
fl2fl1pala ganboke4,,0.0645543,0.935446,,,
r1101,,0.0640787,0.935921,,,
fl2nevada2,negative,0.0639628,0.936037,false positive,,
fl2fl1cortez3,,0.0637162,0.936284,,,
R111,,0.0634355,0.936565,,,
fl1air14,,0.062342,0.937658,,,
siguiri1,,0.0622153,0.937785,,,
nbanankoro1,negative,0.0605816,0.939418,false positive,,
fl2fl1galore creek2,,0.0603513,0.939649,,,
fl2fl1highbury3,,0.0601829,0.939817,,,
fl2sam46691,,0.0600083,0.939992,,,
fl2fl1sabodala1,,0.0597637,0.940236,,,
fl2fl1bisie1,,0.0593022,0.940698,,,
fl2fl1tsumeb4,,0.0586829,0.941317,,,
fl1r531,,0.0585529,0.941447,,,
sukari1,,0.0584991,0.941501,,,
fl2fl1r1086,,0.0554655,0.944534,,,
fl1chuqui3,,0.055045,0.944955,,,
r1002,,0.0546586,0.945341,,,
fl1nampala2, ,0.0522946,0.947705,,,
fl1r1139,,0.0518766,0.948123,,,
fl2fl1r701,,0.0498773,0.950123,,,
nampala3, ,0.047473,0.952527,,,
sam18662,,0.0470958,0.952904,,,
avlayakan2,,0.0468887,0.953111,,,
fl2r1082,,0.0465336,0.953466,,,
fl2taparko7,,0.0460765,0.953924,,,
r793,,0.0460015,0.953999,,,
obuasi2,,0.0448707,0.955129,,,
fl2galore creek1,,0.0448507,0.955149,,,
fl1velingara5,,0.0446608,0.955339,,,
fl2fl1kouroussa4,,0.0441038,0.955896,,,
fl2bangweulu3,,0.0440664,0.955934,,,
asankragwa3,,0.0435964,0.956404,,,
bakouma2,,0.042992,0.957008,,,
tahoua3,,0.042596,0.957404,,,
r451,,0.0422414,0.957759,,,
fl1baomahun1,,0.042108,0.957892,,,
fl1kangankunde3,,0.0415888,0.958411,,,
r672,,0.0406469,0.959353,,,
fl1r1093,,0.0401899,0.95981,,,
fl2fl1tiririne1,,0.0396598,0.96034,,,
fl2fl1tsumeb3,,0.0392097,0.96079,,,
fl2fl1katako kombe2,,0.0388938,0.961106,,,
fl2fl1goldstrike4,,0.0356718,0.964328,,,
r993,,0.0351409,0.964859,,,
fl1ireland1,,0.0348876,0.965112,,,
fl2fl1kalana2,,0.0343526,0.965647,,,
fl2r911,,0.0338278,0.966172,,,
fl1kawokono1,,0.0330662,0.966934,,,
fl1albazino6,,0.0326229,0.967377,,,
fl1r112,,0.0325736,0.967426,,,
fl2tibesti1,,0.032552,0.967448,,,
fl1bangweulu1,,0.0324911,0.967509,,,
tahoua2,,0.0314059,0.968594,,,
fl2tiririne2,,0.0313656,0.968634,,,
fl2kangankunde5,,0.0312329,0.968767,,,
fl2r1133,,0.031107,0.968893,,,
cukuralan1,,0.0309362,0.969064,,,
fl2fl1air11,,0.029116,0.970884,,,
golden pride1,,0.0288579,0.971142,,,
fl1richat1,,0.0287276,0.971272,,,
fl1goldstrike1,,0.0285999,0.9714,,,
fl2kouroussa5,,0.028043,0.971957,,,
vredefort4,,0.0279847,0.972015,,,
nkarma,negative,0.0276684,0.972332,false positive,,
la ronde2,,0.0266531,0.973347,,,
sam18462,,0.0262302,0.97377,,,
fl2fl1kadia4,,0.0258306,0.974169,,,
mana3,,0.0254656,0.974534,,,
fl1goz beida1,,0.0250608,0.974939,,,
indar set 2,,0.0248937,0.975106,,,
fl1katako kombe3,,0.0247369,0.975263,,,
fl2muruntau2,,0.0240588,0.975941,,,
fl1taparko2,,0.0238757,0.976124,,,
fl2fl1cortez7,,0.0232707,0.976729,,,
fl2fl1r1141,,0.0223701,0.97763,,,
fl2telfer5,,0.0219761,0.978024,,,
fl2fl1vasilkovskoye7,,0.0216482,0.978352,,,
mnt polley1,,0.0216093,0.978391,,,
fl2fl1R143,,0.0205731,0.979427,,,
tasiast1,,0.0203435,0.979657,,,
fl2fl1taparko3,,0.0203009,0.979699,,,
fl2muruntau4,,0.0199768,0.980023,,,
fl2l2,,0.01947,0.98053,,,
fl2highbury2,,0.0193675,0.980632,,,
fl1r952,,0.0189625,0.981037,,,
r1141,,0.0185232,0.981477,,,
fl2bangweulu1,,0.018457,0.981543,,,
fl1r1042,,0.017597,0.982403,,,
fl2fl1richat1,,0.0173287,0.982671,,,
fl2fl1sam21475,,0.0167284,0.983272,,,
fl2oyu tolgoi1,,0.016699,0.983301,,,
fl1lero1,,0.0166559,0.983344,,,
karma1,,0.0164404,0.98356,,,
fl2fl1r1012,,0.0163675,0.983632,,,
fl2agbaou1,,0.0159535,0.984047,,,
fl1freda2,,0.0158361,0.984164,,,
fl1r571,,0.015797,0.984203,,,
fl2fl1muruntau5,,0.0155066,0.984493,,,
albazino3,,0.0151212,0.984879,,,
fl2fl1freda1,,0.0150983,0.984902,,,
fl2fl1taparko5,,0.0150706,0.984929,,,
fl2sam22661,,0.0149886,0.985011,,,
fl2fl1banankoro3,,0.0148415,0.985159,,,
fl1cortez9,,0.0145124,0.985488,,,
fl1eteniente2,,0.014459,0.985541,,,
fl1tsumeb3,,0.0144316,0.985568,,,
fl2fl1r853,,0.0135814,0.986419,,,
r622,,0.0135263,0.986474,,,
fl2fl1tongon1,,0.0134992,0.986501,,,
tahoua4,,0.0125204,0.98748,,,
fl2haib1,,0.0124416,0.987558,,,
hofrat el nas1,,0.0123608,0.987639,,,
lawn hill2,,0.011928,0.988072,,,
fl2hofrat el nas1,,0.0119106,0.988089,,,
slate island1,,0.0118878,0.988112,,,
fl2fl1sam30543,,0.0118724,0.988128,,,
fl1samira1,,0.0110887,0.988911,,,
fl2fl1vredefort4,,0.0107993,0.989201,,,
fl1X1,,0.0107168,0.989283,,,
fl1oyu tolgoi1,,0.0101061,0.989894,,,
fl1galore creek3,,0.0100342,0.989966,,,
fl2tibesti3,,0.00888262,0.991117,,,
fl1Dima1,,0.00877109,0.991229,,,
setlagole1,,0.00863724,0.991363,,,
fl2ireland2,,0.00841946,0.991581,,,
fl1kouroussa3,,0.00811005,0.99189,,,
fl1tiririne2,,0.00793513,0.992065,,,
r1127,,0.00740976,0.99259,,,
fl2fl1navachab1, ,0.00731736,0.992683,,,
fl2r622,,0.00726193,0.992738,,,
sam26671,,0.00717505,0.992825,,,
fl2slate island 2,,0.00696492,0.993035,,,
fl2fl1r571,,0.0069008,0.993099,,,
fl1arizona3,,0.00674915,0.993251,,,
fl2fl1tahoua1,,0.00665938,0.993341,,,
sam27671,,0.00648657,0.993513,,,
fl1matala2,,0.00630945,0.99369,,,
fl1r452,,0.00593462,0.994065,,,
fl2ireland1,,0.00577933,0.994221,,,
fl2fl1sw ethiopia2,,0.00515233,0.994848,,,
fl2fl1puchez1,,0.00511755,0.994882,,,
telfer4,,0.0050895,0.994911,,,
fl1kalana5,,0.00500597,0.994994,,,
fl2fl1aldan5,,0.00470926,0.995291,,,
freda2,,0.00459161,0.995408,,,
fl1chuqui1,,0.00458795,0.995412,,,
fl2dima2,,0.00452344,0.995477,,,
fl1katako kombe1,,0.00450372,0.995496,,,
fl2bonikro2,,0.00435543,0.995645,,,
fl2r10111,,0.00382417,0.996176,,,
fl1hofrat 2,,0.00377266,0.996227,,,
oyu tolgoi5,,0.00376475,0.996235,,,
agbaou4,,0.00345233,0.996548,,,
bonikro2,,0.00340232,0.996598,,,
fl1golden pride1,,0.00329372,0.996706,,,
fl2fl1youga1,,0.00328898,0.996711,,,
fl2bangweulu6,,0.00323711,0.996763,,,
fl2fl1arizona3,,0.00278592,0.997214,,,
fl2R251,,0.00262587,0.997374,,,
fl1sam30542,,0.00241223,0.997588,,,
fl1velingara4,,0.00234691,0.997653,,,
fl1vasilkovskoye1,,0.00211452,0.997886,,,
tongon1,,0.00206759,0.997932,,,
fl1galore creek2,,0.00192632,0.998074,,,
fl2cortez9,,0.0016338,0.998366,,,
fl2fl1oyu tolgoi1,,0.00135543,0.998645,,,
fl2goz beida3,,0.00126888,0.998731,,,
fl2arizona3,,0.00121232,0.998788,,,
geita3,,0.00121011,0.99879,,,
fl2fl1r1139,,0.00101833,0.998982,,,
fl2vredefort1,,0.000984586,0.999015,,,
fl1richat2,,0.000979741,0.99902,,,
fl2fl1r993,,0.00089718,0.999103,,,
fl2fl1kangankunde4,,0.000895754,0.999104,,,
fl1arizona1,,0.000859252,0.999141,,,
fl2mogollon1,,0.000661208,0.999339,,,
fl2richat1,,0.000586175,0.999414,,,
fl2st yves1,,0.000454848,0.999545,,,
sam46691,,0.000390429,0.99961,,,
fl2fl1kouroussa5,,0.000357901,0.999642,,,
fl1velingara2,,0.000344751,0.999655,,,
fl1muruntau5,,0.000263648,0.999736,,,
fl1r622,,0.000256992,0.999743,,,
fl1sw ethiopia2,,6.82451e-05,0.999932,,,
fl1n42,negative,0.999964,3.56708e-05,,,
fl1n77,negative,0.999938,6.23443e-05,,,
n64,negative,0.99993,7.00836e-05,,,
fl2n77,negative,0.999929,7.09939e-05,,,
n87,negative,0.999927,7.31089e-05,,,
fl2fl1n43,negative,0.999926,7.44101e-05,,,
fl1n11,negative,0.999912,8.84863e-05,,,
